{"cameraMode":{"drawMode":0,"name":"Shaded","section":"Shading Mode"},"sceneLighting":true,"audioPlay":false,"sceneViewState":{"m_AlwaysRefresh":false,"showFog":true,"showSkybox":true,"showFlares":true,"showImageEffects":true,"showParticleSystems":true,"showVisualEffectGraphs":true,"m_FxEnabled":true},"in2DMode":false,"pivot":{"x":-5.750842571258545,"y":-0.003436257364228368,"z":15.007071495056153},"rotation":{"x":0.09234046190977097,"y":-0.1058410108089447,"z":0.009869446977972985,"w":0.990038275718689},"size":40.333797454833987,"orthographic":false}